date,milk_tnuva_3,milk_tnuva_3_chains,cottage_5,cottage_5_chains,gevina_levana_5,gevina_levana_5_chains,emek_28,emek_28_chains,butter,butter_chains,sweet_cream,sweet_cream_chains,sour_cream,sour_cream_chains,eggs_12,eggs_12_chains,yogurt,yogurt_chains,bread,bread_chains,rice,rice_chains,spaghetti,spaghetti_chains,couscous,couscous_chains,tomato,tomato_chains,cucumber,cucumber_chains,onion,onion_chains,potato,potato_chains,carrot,carrot_chains,apple,apple_chains,frozen_peas,frozen_peas_chains,chicken_breast,chicken_breast_chains,schnitzel,schnitzel_chains,hot_dogs,hot_dogs_chains,sugar,sugar_chains,salt,salt_chains,tahini,tahini_chains,hummus,hummus_chains,chocolate_spread,chocolate_spread_chains,coca_cola,coca_cola_chains,water,water_chains,coffee_tasters,coffee_tasters_chains,coffee_turkish,coffee_turkish_chains,tea,tea_chains,bamba,bamba_chains,bisli,bisli_chains,para_chocolate,para_chocolate_chains,cookies,cookies_chains
2025-12-15,7.0,5,6.02,6,5.78,4,19.21,3,10.05,4,8.58,7,3.07,7,15.46,5,4.21,7,8.38,2,12.31,7,6.42,5,7.01,5,6.9,2,8.07,3,15.96,4,6.99,5,5.38,2,10.12,4,18.67,6,42.39,6,33.35,5,18.47,2,4.75,2,1.97,7,13.79,5,10.19,3,27.94,6,8.58,3,16.12,6,35.9,7,19.65,6,7.35,5,4.69,7,5.16,5,9.4,7,8.54,6
2025-12-16,7.0,5,6.02,6,5.78,4,19.21,3,10.05,4,8.58,7,3.07,7,15.46,5,4.21,7,8.38,2,12.31,7,6.42,5,7.01,5,6.9,2,8.07,3,15.96,4,6.99,5,5.38,2,10.12,4,18.67,6,42.39,6,33.35,5,18.47,2,4.75,2,1.97,7,13.79,5,10.19,3,27.94,6,8.58,3,16.12,6,35.9,7,19.65,6,7.35,5,4.69,7,5.16,5,9.4,7,8.54,6
2025-12-17,7.0,5,6.02,6,5.78,4,19.21,3,10.05,4,8.58,7,3.07,7,15.46,5,4.21,7,8.38,2,12.31,7,6.42,5,7.01,5,6.9,2,8.07,3,15.96,4,6.99,5,5.38,2,10.12,4,18.67,6,42.39,6,33.35,5,18.47,2,4.75,2,1.97,7,13.79,5,10.19,3,27.94,6,8.58,3,16.12,6,35.9,7,19.65,6,7.35,5,4.69,7,5.16,5,9.4,7,8.54,6
2025-12-18,7.0,5,6.02,6,5.78,4,19.21,3,10.05,4,8.58,7,3.07,7,15.46,5,4.21,7,8.38,2,12.31,7,6.42,5,7.01,5,6.9,2,8.07,3,15.96,4,6.99,5,4.75,2,10.12,4,18.67,6,42.39,6,33.35,5,18.47,2,4.75,2,1.97,7,13.79,5,10.19,3,27.94,6,8.58,3,16.12,6,35.9,7,19.65,6,7.35,5,4.69,7,5.16,5,9.4,7,8.54,6
2025-12-19,7.0,5,6.02,6,5.78,4,19.21,3,10.05,4,8.58,7,3.07,7,15.46,5,4.21,7,8.38,2,12.31,7,6.42,5,7.01,5,6.9,2,8.07,3,15.96,4,6.99,5,4.82,2,10.12,4,18.67,6,42.39,6,33.35,5,18.47,2,4.75,2,1.97,7,13.79,5,10.19,3,27.94,6,8.58,3,16.12,6,35.9,7,19.65,6,7.35,5,4.69,7,5.16,5,9.4,7,8.54,6
2025-12-20,7.0,5,6.02,6,5.78,4,19.21,3,10.05,4,8.58,7,3.07,7,15.46,5,4.21,7,8.38,2,12.31,7,6.42,5,7.01,5,6.9,2,8.07,3,15.96,4,6.99,5,4.82,2,10.12,4,18.67,6,42.39,6,33.35,5,18.47,2,4.75,2,1.97,7,13.79,5,10.19,3,27.94,6,8.58,3,16.12,6,35.9,7,19.65,6,7.35,5,4.69,7,5.16,5,9.4,7,8.54,6
2025-12-21,7.0,5,6.02,6,5.78,4,19.21,3,10.05,4,8.58,7,3.07,7,15.46,5,4.21,7,8.38,2,12.31,7,6.42,5,7.01,5,6.9,2,8.07,3,15.96,4,6.99,5,4.86,2,10.12,4,18.67,6,42.39,6,33.35,5,18.47,2,4.75,2,1.97,7,13.79,5,10.19,3,27.94,6,8.58,3,16.12,6,35.9,7,19.65,6,7.35,5,4.69,7,5.16,5,9.4,7,8.54,6
2025-12-22,7.0,5,6.02,6,5.78,4,19.21,3,10.05,4,8.58,7,3.07,7,15.46,5,4.3,7,8.38,2,12.51,7,6.42,5,7.01,5,6.9,2,8.07,3,15.96,4,6.36,5,4.77,2,10.12,4,18.67,6,42.39,6,32.79,5,18.47,2,4.75,2,1.97,7,13.79,5,10.19,3,27.94,6,8.58,3,16.12,6,35.9,7,19.65,6,7.35,5,4.69,7,5.16,5,9.4,7,8.54,6
2025-12-23,7.0,5,6.02,6,5.78,4,19.21,3,10.05,4,8.58,7,3.07,7,15.44,5,4.3,7,8.38,2,12.37,7,6.42,5,7.01,5,6.9,2,8.07,3,15.96,4,6.36,5,4.73,2,10.12,4,18.67,6,42.39,6,32.79,5,18.47,2,4.75,2,1.97,7,13.79,5,10.19,3,27.94,6,8.58,3,16.12,6,35.37,7,19.39,6,7.35,5,4.69,7,5.16,5,9.4,7,8.54,6
2025-12-24,7.0,5,6.02,6,5.78,4,19.21,3,10.05,4,8.58,7,3.07,7,15.44,5,4.3,7,8.38,2,12.37,7,6.42,5,7.01,5,6.9,2,8.07,3,15.96,4,6.36,5,4.9,2,10.12,4,18.67,6,42.39,6,32.79,5,18.47,2,4.75,2,1.97,7,13.79,5,10.19,3,27.94,6,8.58,3,16.12,6,35.37,7,19.39,6,7.35,5,4.69,7,5.16,5,9.4,7,8.54,6
2025-12-25,7.0,5,6.02,6,5.78,4,19.21,3,10.05,4,8.58,7,3.07,7,15.44,5,4.3,7,8.38,2,12.37,7,6.42,5,7.01,5,6.9,2,8.07,3,15.96,4,6.36,5,4.9,2,10.12,4,18.67,6,42.39,6,32.79,5,18.47,2,4.75,2,1.97,7,13.79,5,10.19,3,27.94,6,8.58,3,16.12,6,35.37,7,19.39,6,7.35,5,4.69,7,5.16,5,9.4,7,8.54,6
2025-12-26,7.0,5,6.05,6,5.78,4,19.21,3,10.05,4,8.58,7,3.07,7,15.44,5,4.3,7,8.38,2,12.37,7,6.42,5,7.01,5,6.9,2,8.07,3,15.96,4,6.36,5,4.9,2,10.12,4,18.67,6,42.39,6,32.79,5,18.47,2,4.75,2,1.97,7,13.79,5,10.19,3,27.94,6,8.58,3,16.12,6,35.37,7,19.39,6,7.35,5,4.69,7,5.16,5,9.4,7,8.54,6
2025-12-27,7.0,5,6.05,6,5.78,4,19.21,3,10.05,4,8.58,7,3.07,7,15.44,5,4.3,7,8.38,2,12.37,7,6.42,5,7.01,5,6.9,2,8.07,3,15.96,4,6.36,5,4.9,2,10.12,4,18.67,6,42.39,6,32.79,5,18.47,2,4.75,2,1.97,7,13.79,5,10.19,3,27.94,6,8.58,3,16.12,6,35.37,7,19.39,6,7.35,5,4.69,7,5.16,5,9.4,7,8.54,6
2025-12-28,7.0,5,6.05,6,5.78,4,19.21,3,10.05,4,8.58,7,3.07,7,15.44,5,4.3,7,8.38,2,12.37,7,6.42,5,7.01,5,6.9,2,8.07,3,14.36,4,6.36,5,3.77,2,9.49,4,18.67,6,42.39,6,32.79,5,18.47,2,4.75,2,1.97,7,13.79,5,10.19,3,27.94,6,8.58,3,16.12,6,35.9,7,19.39,6,7.35,5,5.08,7,5.16,5,9.4,7,8.54,6
2025-12-29,7.0,5,6.05,6,5.78,4,19.21,3,10.05,4,8.58,7,3.07,7,15.44,5,4.3,7,8.38,2,12.37,7,6.42,5,7.01,5,6.9,2,8.07,3,14.36,4,6.36,5,3.77,2,9.49,4,18.67,6,42.39,6,32.79,5,18.47,2,4.75,2,1.97,7,13.79,5,10.64,4,27.94,6,8.58,3,16.12,6,35.9,7,19.39,6,7.35,5,5.08,7,5.16,5,9.4,7,8.54,6
2025-12-30,7.0,5,6.05,6,5.78,4,19.21,3,10.05,4,8.58,7,3.07,7,15.44,5,4.3,7,8.38,2,12.37,7,6.42,5,7.01,5,6.9,2,8.07,3,14.36,4,6.36,5,3.77,2,9.49,4,18.67,6,42.39,6,32.79,5,18.47,2,4.75,2,1.97,7,13.79,5,10.61,4,27.94,6,8.48,4,16.12,6,35.64,7,19.39,6,7.35,5,5.08,7,5.16,5,9.4,7,8.54,6
2025-12-31,7.0,5,6.05,6,5.78,4,19.21,3,10.05,4,8.58,7,3.07,7,15.44,5,4.3,7,8.38,2,12.37,7,6.42,5,7.01,5,6.9,2,8.07,3,14.36,4,6.36,5,3.77,2,9.49,4,18.67,6,42.0,6,32.79,5,18.47,2,4.75,2,1.97,7,13.79,5,10.7,4,27.94,6,8.48,4,16.12,6,35.9,7,19.39,6,7.35,5,5.08,7,5.16,5,9.4,7,8.54,6
2026-01-01,7.0,5,6.05,6,5.78,4,19.21,3,10.05,4,8.58,7,3.07,7,15.44,5,4.3,7,8.38,2,12.37,7,6.42,5,7.01,5,6.9,2,8.07,3,14.36,4,6.55,5,3.77,2,9.49,4,18.67,6,42.0,6,32.79,5,18.47,2,4.75,2,1.97,7,13.79,5,10.7,4,27.94,6,8.48,4,16.12,6,35.9,7,19.69,6,7.35,5,4.96,7,5.16,5,9.4,7,8.54,6
2026-01-02,7.0,5,6.05,6,5.78,4,19.21,3,10.05,4,8.58,7,3.07,7,15.44,5,4.3,7,8.38,2,12.37,7,6.42,5,7.01,5,6.9,2,8.07,3,14.36,4,6.55,5,3.77,2,9.49,4,18.67,6,42.0,6,32.79,5,18.47,2,4.75,2,1.97,7,13.79,5,10.7,4,27.94,6,8.48,4,16.12,6,35.9,7,19.69,6,7.35,5,4.96,7,5.16,5,9.4,7,8.54,6
2026-01-03,7.0,5,6.05,6,5.78,4,19.21,3,10.05,4,8.58,7,3.07,7,15.44,5,4.3,7,8.38,2,12.37,7,6.42,5,7.01,5,6.9,2,8.07,3,14.36,4,6.55,5,3.77,2,9.49,4,18.67,6,42.0,6,32.79,5,18.47,2,4.75,2,1.97,7,13.79,5,10.7,4,27.94,6,8.48,4,16.12,6,35.9,7,19.69,6,7.35,5,4.96,7,5.16,5,9.4,7,8.54,6
2026-01-04,7.0,5,6.05,6,5.78,4,19.21,3,10.05,4,8.58,7,3.07,7,15.44,5,4.3,7,8.38,2,12.37,7,6.42,5,7.01,5,6.9,2,8.07,3,14.36,4,6.55,5,3.77,2,9.49,4,18.67,6,42.0,6,32.79,5,18.47,2,4.75,2,1.97,7,13.79,5,10.59,4,27.94,6,8.48,4,16.12,6,35.9,7,19.69,6,7.35,5,4.96,7,5.16,5,9.4,7,8.54,6
2026-01-05,7.0,5,6.05,6,5.78,4,19.21,3,10.05,4,8.58,7,3.03,7,15.44,5,4.34,7,8.38,2,12.4,7,6.42,5,7.01,5,6.9,2,8.07,3,16.41,4,6.55,5,3.36,2,9.49,4,18.67,6,42.0,6,32.79,5,18.47,2,4.75,2,1.97,7,13.79,5,10.59,4,27.94,6,8.48,4,16.12,6,35.9,7,19.69,6,7.35,5,4.96,7,5.16,5,9.61,7,8.54,6
2026-01-06,7.0,5,6.05,6,5.78,4,19.21,3,10.05,4,8.58,7,3.03,7,15.44,5,4.34,7,8.38,2,12.4,7,6.42,5,7.01,5,6.9,2,8.07,3,16.41,4,6.55,5,3.36,2,9.49,4,18.67,6,42.0,6,32.79,5,18.47,2,4.75,2,1.97,7,13.79,5,10.59,4,27.94,6,8.48,4,16.12,6,35.9,7,19.69,6,7.35,5,5.08,7,5.16,5,9.61,7,8.54,6
2026-01-07,7.0,5,6.05,6,5.78,4,19.21,3,10.05,4,8.58,7,3.03,7,15.44,5,4.34,7,8.38,2,12.4,7,6.42,5,7.01,5,6.9,2,8.07,3,16.41,4,6.55,5,3.36,2,9.49,4,18.67,6,42.0,6,32.79,5,18.47,2,4.75,2,1.97,7,13.79,5,10.59,4,27.94,6,8.64,4,16.17,6,35.9,7,19.69,6,7.35,5,5.08,7,5.16,5,9.61,7,8.54,6
2026-01-08,7.0,5,6.05,6,5.78,4,19.21,3,10.05,4,8.58,7,3.03,7,15.44,5,4.32,7,8.38,2,12.4,7,6.42,5,7.01,5,6.9,2,8.07,3,16.41,4,6.55,5,3.36,2,9.49,4,18.67,6,42.0,6,31.65,5,18.47,2,4.75,2,1.98,7,13.79,5,10.59,4,27.94,6,8.63,4,16.17,6,35.9,7,19.69,6,7.35,5,5.08,7,5.16,5,9.54,7,8.54,6
2026-01-09,7.0,5,6.05,6,5.78,4,19.21,3,10.05,4,8.58,7,3.03,7,15.44,5,4.32,7,8.38,2,12.4,7,6.42,5,7.01,5,6.9,2,8.07,3,16.41,4,6.55,5,3.36,2,9.49,4,18.67,6,42.0,6,31.44,5,18.47,2,4.75,2,1.98,7,13.79,5,10.59,4,27.94,6,8.63,4,16.17,6,35.9,7,19.69,6,7.35,5,5.08,7,5.16,5,9.54,7,8.54,6
2026-01-10,7.0,5,6.05,6,5.78,4,19.21,3,10.05,4,8.58,7,3.03,7,15.44,5,4.32,7,8.38,2,12.4,7,6.42,5,7.01,5,6.9,2,8.07,3,16.41,4,6.55,5,3.36,2,9.49,4,18.67,6,42.0,6,31.44,5,18.47,2,4.75,2,1.98,7,13.79,5,10.59,4,27.94,6,8.63,4,16.17,6,35.9,7,19.69,6,7.35,5,5.08,7,5.16,5,9.54,7,8.54,6
2026-01-11,7.0,5,6.05,6,5.78,4,19.21,3,10.05,4,8.58,7,3.03,7,15.44,5,4.32,7,8.38,2,12.4,7,6.42,5,7.01,5,6.9,2,8.07,3,16.41,4,6.55,5,3.36,2,9.49,4,18.67,6,42.0,6,31.9,5,18.47,2,4.75,2,1.98,7,13.79,5,10.59,4,27.94,6,8.63,4,16.17,6,37.0,7,19.69,6,7.35,5,5.08,7,5.16,5,9.54,7,8.54,6
2026-01-12,7.0,5,6.05,6,5.78,4,19.21,3,10.05,4,8.58,7,3.03,7,15.44,5,4.32,7,8.38,2,12.4,7,6.42,5,7.01,5,6.9,2,8.07,3,16.41,4,6.55,5,3.36,2,9.49,4,18.67,6,42.0,6,31.9,5,18.47,2,4.75,2,1.98,7,13.79,5,10.59,4,27.94,6,8.63,4,16.17,6,37.0,7,19.69,6,7.35,5,5.08,7,5.16,5,9.54,7,8.54,6
2026-01-13,7.0,5,6.05,6,5.78,4,19.21,3,10.05,4,8.58,7,3.03,7,15.44,5,4.32,7,8.38,2,12.4,7,6.42,5,7.01,5,6.9,2,8.07,3,16.41,4,6.55,5,3.36,2,9.49,4,18.67,6,42.0,6,31.44,5,18.47,2,4.75,2,1.98,7,13.79,5,10.59,4,27.94,6,8.63,4,16.17,6,37.0,7,19.69,6,7.35,5,5.08,7,5.16,5,9.54,7,8.54,6
2026-01-14,7.0,5,6.05,6,5.78,4,19.21,3,10.05,4,8.58,7,3.03,7,15.44,5,4.32,7,8.38,2,12.4,7,6.42,5,7.01,5,6.9,2,8.07,3,16.41,4,6.55,5,3.36,2,9.49,4,18.67,6,42.0,6,32.05,5,18.47,2,4.75,2,1.98,7,13.79,5,10.59,4,27.94,6,8.63,4,16.17,6,37.0,7,19.69,6,7.35,5,5.08,7,5.16,5,9.54,7,8.54,6
2026-01-15,7.0,5,6.05,6,5.78,4,19.21,3,10.05,4,8.58,7,3.03,7,15.44,5,4.34,7,8.38,2,12.4,7,6.42,5,7.01,5,6.9,2,8.07,3,16.41,4,6.55,5,4.37,2,9.49,4,18.67,6,42.0,6,32.05,5,18.47,2,4.75,2,1.98,7,13.79,5,10.59,4,27.94,6,8.63,4,16.17,6,37.0,7,19.69,6,7.35,5,5.08,7,5.16,5,9.54,7,8.54,6
2026-01-16,7.0,5,6.05,6,5.78,4,19.21,3,10.05,4,8.58,7,3.03,7,15.44,5,4.34,7,8.38,2,12.4,7,6.42,5,7.01,5,6.9,2,8.07,3,16.41,4,6.55,5,4.37,2,9.49,4,18.67,6,42.0,6,32.05,5,18.47,2,4.75,2,1.98,7,13.79,5,10.59,4,27.94,6,8.63,4,16.17,6,37.0,7,19.69,6,7.35,5,5.08,7,5.16,5,9.54,7,8.54,6
2026-01-17,7.0,5,6.05,6,5.78,4,19.21,3,10.05,4,8.58,7,3.03,7,15.44,5,4.34,7,8.38,2,12.4,7,6.42,5,7.01,5,6.9,2,8.07,3,14.39,4,6.55,5,4.37,2,9.49,4,18.67,6,42.0,6,32.05,5,18.47,2,4.75,2,1.98,7,13.79,5,10.59,4,27.94,6,8.63,4,16.17,6,37.0,7,19.69,6,7.35,5,5.08,7,5.16,5,9.54,7,8.54,6
2026-01-18,7.0,5,6.05,6,5.78,4,19.21,3,10.05,4,8.58,7,3.03,7,15.44,5,4.34,7,8.38,2,12.4,7,6.42,5,7.01,5,6.9,2,7.03,3,14.39,4,6.55,5,4.37,2,9.3,4,18.67,6,42.0,6,32.05,5,18.47,2,4.75,2,1.98,7,13.79,5,10.59,4,27.94,6,8.63,4,16.17,6,37.0,7,19.69,6,7.35,5,5.08,7,5.16,5,9.54,7,8.54,6
2026-01-19,7.0,5,6.05,6,5.78,4,19.21,3,10.05,4,8.58,7,3.03,7,15.44,5,4.3,7,8.38,2,12.4,7,6.42,5,7.01,5,6.9,2,7.03,3,14.39,4,6.55,5,4.37,2,9.82,4,18.67,6,42.0,6,32.05,5,18.47,2,4.75,2,1.98,7,13.77,5,10.59,4,27.94,6,8.63,4,16.13,6,37.0,7,19.69,6,7.35,5,5.08,7,5.16,5,9.54,7,8.54,6
2026-01-20,7.0,5,6.05,6,5.78,4,19.21,3,10.05,4,8.55,7,3.03,7,15.44,5,4.3,7,8.38,2,12.4,7,6.42,5,7.01,5,6.9,2,7.03,3,14.39,4,6.55,5,4.37,2,9.82,4,18.67,6,42.0,6,32.05,5,18.47,2,4.75,2,1.98,7,13.77,5,10.59,4,27.94,6,8.63,4,16.13,6,37.0,7,19.69,6,7.35,5,5.08,7,5.16,5,9.54,7,8.54,6
2026-01-21,7.0,5,6.05,6,5.78,4,19.21,3,10.05,4,8.55,7,3.03,7,15.44,5,4.3,7,8.38,2,12.4,7,6.42,5,7.01,5,6.9,2,7.03,3,14.39,4,6.55,5,4.37,2,9.82,4,18.67,6,42.0,6,32.05,5,18.47,2,4.75,2,1.98,7,13.77,5,10.59,4,27.94,6,8.63,4,16.13,6,37.0,7,19.69,6,7.35,5,5.08,7,5.16,5,9.54,7,8.54,6
2026-01-22,7.0,5,6.05,6,5.78,4,19.21,3,10.05,4,8.55,7,3.03,7,15.44,5,4.3,7,8.38,2,12.4,7,6.42,5,7.01,5,6.9,2,7.03,3,14.39,4,6.55,5,4.37,2,10.39,4,18.67,6,42.0,6,32.05,5,18.47,2,4.75,2,1.98,7,13.77,5,10.59,4,27.94,6,8.63,4,16.13,6,37.0,7,19.69,6,7.35,5,5.08,7,5.16,5,9.54,7,8.54,6
2026-01-23,7.0,5,6.05,6,5.78,4,19.21,3,10.05,4,8.55,7,3.03,7,15.44,5,4.3,7,8.38,2,12.4,7,6.42,5,7.01,5,6.9,2,7.03,3,14.39,4,6.55,5,4.37,2,10.39,4,18.67,6,42.0,6,32.05,5,18.47,2,4.75,2,1.98,7,13.77,5,10.59,4,27.94,6,8.63,4,16.13,6,37.0,7,19.69,6,7.35,5,5.08,7,5.16,5,9.54,7,8.54,6
2026-01-24,7.0,5,6.05,6,5.78,4,19.21,3,10.05,4,8.55,7,3.03,7,15.44,5,4.3,7,8.38,2,12.4,7,6.42,5,7.01,5,6.9,2,7.03,3,14.39,4,6.55,5,4.37,2,10.39,4,18.67,6,42.0,6,32.05,5,18.47,2,4.75,2,1.98,7,13.77,5,10.59,4,27.94,6,8.63,4,16.13,6,37.0,7,19.69,6,7.35,5,5.08,7,5.16,5,9.54,7,8.54,6
2026-01-25,7.0,5,6.05,6,5.78,4,19.21,3,9.87,5,8.55,7,3.03,7,15.44,5,4.3,7,8.38,2,12.4,7,6.42,5,7.01,5,6.9,2,7.03,3,14.39,4,6.55,5,4.37,2,10.39,4,18.67,6,42.0,6,32.05,5,18.47,2,4.75,2,1.98,7,13.77,5,10.59,4,27.94,6,8.63,4,16.13,6,37.0,7,19.69,6,7.35,5,5.08,7,5.16,5,9.54,7,8.54,6
2026-01-26,7.0,5,6.05,6,5.78,4,19.21,3,9.94,5,8.55,7,3.03,7,15.44,5,4.3,7,8.38,2,12.4,7,6.42,5,7.01,5,6.9,2,7.03,3,14.39,4,6.55,5,4.37,2,10.39,4,18.67,6,42.0,6,32.05,5,18.47,2,4.75,2,1.98,7,13.77,5,10.59,4,27.94,6,8.63,4,16.13,6,37.56,7,19.69,6,7.35,5,5.08,7,5.16,5,9.54,7,8.54,6
2026-01-27,7.0,5,6.05,6,5.78,4,19.21,3,9.81,5,8.55,7,3.03,7,15.44,5,4.3,7,8.38,2,12.4,7,6.42,5,7.01,5,6.9,2,7.03,3,14.39,4,6.55,5,4.8,2,10.39,4,18.67,6,42.0,6,32.05,5,18.47,2,4.75,2,1.98,7,13.77,5,10.59,4,27.94,6,8.63,4,16.13,6,37.56,7,19.69,6,7.35,5,5.08,7,5.16,5,9.54,7,8.54,6
2026-01-28,7.0,5,6.05,6,5.78,4,19.21,3,9.81,5,8.55,7,3.03,7,15.44,5,4.3,7,8.38,2,12.4,7,6.42,5,7.01,5,6.9,2,7.03,3,14.39,4,6.55,5,4.8,2,10.39,4,18.67,6,42.0,6,32.05,5,18.47,2,4.75,2,1.98,7,13.77,5,10.59,4,27.94,6,8.63,4,16.13,6,37.56,7,19.69,6,7.35,5,5.08,7,5.16,5,9.54,7,8.54,6
2026-01-29,7.0,5,6.05,6,5.78,4,19.21,3,10.02,5,8.55,7,3.03,7,15.44,5,4.3,7,8.38,2,12.4,7,6.42,5,7.01,5,6.9,2,7.03,3,14.39,4,6.55,5,4.8,2,10.39,4,18.67,6,42.0,6,32.05,5,18.47,2,4.75,2,1.98,7,13.77,5,10.59,4,27.94,6,8.63,4,16.13,6,37.56,7,19.69,6,7.35,5,5.08,7,5.16,5,9.54,7,8.54,6
2026-01-30,7.0,5,6.05,6,5.78,4,19.21,3,10.02,5,8.55,7,3.03,7,15.44,5,4.3,7,8.38,2,12.4,7,6.42,5,7.01,5,6.9,2,7.03,3,14.39,4,6.55,5,4.8,2,10.39,4,18.67,6,42.0,6,32.05,5,18.47,2,4.75,2,1.98,7,13.77,5,10.59,4,27.94,6,8.63,4,16.13,6,37.56,7,19.69,6,7.35,5,5.08,7,5.22,6,9.54,7,8.54,6
2026-01-31,7.0,5,6.05,6,5.78,4,19.21,3,10.02,5,8.55,7,3.03,7,15.44,5,4.3,7,8.38,2,12.4,7,6.42,5,7.01,5,6.9,2,7.03,3,14.39,4,6.55,5,4.8,2,10.39,4,18.67,6,42.0,6,32.05,5,18.47,2,4.75,2,1.98,7,13.77,5,10.59,4,27.94,6,8.63,4,16.13,6,37.56,7,19.69,6,7.35,5,5.08,7,5.22,6,9.54,7,8.54,6
2026-02-01,7.0,5,6.05,6,5.78,4,19.21,3,10.02,5,8.55,7,3.03,7,15.44,5,4.3,7,8.38,2,12.4,7,6.42,5,7.01,5,6.9,2,7.03,3,14.39,4,6.55,5,4.8,2,10.39,4,18.67,6,42.0,6,32.05,5,18.47,2,4.75,2,1.98,7,13.77,5,10.59,4,27.94,6,8.63,4,16.13,6,37.56,7,19.69,6,7.35,5,5.08,7,5.22,6,9.54,7,8.54,6
2026-02-02,7.0,5,6.05,6,5.78,4,19.21,3,10.02,5,8.55,7,3.03,7,15.44,5,4.3,7,8.11,3,12.4,7,6.42,5,7.17,6,6.9,2,7.03,3,14.39,4,6.55,5,4.37,2,10.39,4,18.67,6,42.0,6,32.05,5,18.47,2,4.75,2,1.98,7,13.77,5,10.59,4,27.94,6,8.63,4,16.13,6,37.56,7,19.69,6,7.35,5,5.08,7,5.22,6,9.54,7,8.54,6
2026-02-03,7.0,5,6.05,6,5.78,4,19.21,3,10.02,5,8.55,7,3.03,7,15.44,5,4.3,7,8.11,3,12.4,7,6.42,5,7.17,6,6.9,2,7.03,3,14.39,4,6.55,5,4.37,2,10.39,4,18.67,6,42.0,6,32.05,5,18.47,2,4.75,2,1.98,7,13.77,5,10.59,4,27.94,6,8.63,4,16.13,6,37.56,7,19.69,6,7.35,5,5.08,7,5.22,6,9.54,7,8.67,6
2026-02-04,7.0,5,6.05,6,5.78,4,19.21,3,10.02,5,8.55,7,3.03,7,15.44,5,4.3,7,8.11,3,12.4,7,6.42,5,7.17,6,6.9,2,7.03,3,14.39,4,6.55,5,4.37,2,10.39,4,18.67,6,42.0,6,32.05,5,18.47,2,4.75,2,1.98,7,13.77,5,10.59,4,27.94,6,8.63,4,16.13,6,37.56,7,19.69,6,7.35,5,5.08,7,5.22,6,9.54,7,8.28,6
2026-02-05,7.0,5,6.05,6,5.78,4,19.21,3,10.02,5,8.55,7,3.03,7,15.44,5,4.3,7,8.11,3,12.4,7,6.42,5,7.17,6,6.9,2,7.03,3,14.39,4,6.55,5,3.9,2,8.71,4,18.67,6,42.0,6,32.05,5,18.47,2,4.75,2,1.98,7,13.77,5,10.59,4,27.94,6,8.63,4,16.13,6,37.56,7,19.69,6,7.35,5,5.08,7,5.22,6,9.54,7,8.28,6
2026-02-06,7.0,5,6.05,6,5.78,4,19.21,3,10.02,5,8.55,7,3.03,7,15.44,5,4.3,7,8.11,3,12.4,7,6.42,5,7.17,6,6.9,2,7.03,3,14.39,4,6.55,5,3.9,2,8.71,4,18.67,6,42.0,6,32.05,5,18.47,2,4.75,2,1.98,7,13.77,5,10.59,4,27.94,6,8.63,4,16.13,6,37.56,7,19.69,6,7.35,5,5.08,7,5.22,6,9.54,7,8.28,6
2026-02-07,7.0,5,6.05,6,5.78,4,19.21,3,10.02,5,8.55,7,3.03,7,15.44,5,4.3,7,8.11,3,12.4,7,6.42,5,7.17,6,6.9,2,7.03,3,14.39,4,6.55,5,3.9,2,8.71,4,18.67,6,42.0,6,32.05,5,18.47,2,4.75,2,1.98,7,13.77,5,10.59,4,27.94,6,8.63,4,16.13,6,37.56,7,19.69,6,7.35,5,5.08,7,5.22,6,9.54,7,8.28,6
2026-02-08,7.0,5,6.05,6,5.78,4,19.21,3,10.02,5,8.55,7,3.12,7,15.44,5,4.3,7,8.11,3,12.26,7,6.42,5,7.17,6,6.9,2,7.03,3,14.39,4,6.55,5,3.9,2,8.71,4,18.67,6,42.0,6,32.05,5,18.47,2,4.75,2,1.98,7,13.77,5,10.59,4,27.94,6,8.63,4,16.13,6,37.56,7,19.69,6,7.35,5,5.08,7,5.22,6,9.54,7,8.28,6
2026-02-09,7.0,5,6.05,6,5.78,4,19.21,3,10.02,5,8.55,7,3.12,7,15.44,5,4.3,7,8.11,3,12.26,7,6.42,5,7.17,6,6.9,2,7.03,3,14.39,4,6.55,5,3.9,2,8.71,4,18.67,6,42.0,6,32.05,5,18.47,2,4.75,2,1.98,7,13.77,5,10.59,4,27.94,6,8.63,4,16.13,6,37.56,7,19.69,6,7.35,5,5.08,7,5.22,6,9.54,7,8.28,6
2026-02-10,7.0,5,6.05,6,5.78,4,19.21,3,10.0,6,8.55,7,3.12,7,15.44,5,4.3,7,8.11,3,12.26,7,6.42,5,7.17,6,6.9,2,7.03,3,14.39,4,6.55,5,3.9,2,8.71,4,18.67,6,42.0,6,32.05,5,18.47,2,4.75,2,1.98,7,13.77,5,10.59,4,27.94,6,8.63,4,16.13,6,37.56,7,19.69,6,7.35,5,5.08,7,5.22,6,9.54,7,8.28,6
2026-02-11,7.0,5,6.03,7,5.78,4,19.21,3,10.0,6,8.55,7,3.12,7,15.44,5,4.22,7,8.11,3,12.26,7,6.42,5,7.17,6,6.9,2,7.03,3,14.39,4,6.55,5,3.9,2,8.71,4,18.67,6,42.0,6,32.05,5,18.47,2,4.75,2,1.98,7,13.77,5,10.59,4,27.94,6,8.63,4,16.13,6,37.56,7,19.69,6,7.35,5,5.08,7,5.22,6,9.54,7,8.28,6
2026-02-12,7.0,5,6.06,7,5.78,4,19.21,3,10.0,6,8.55,7,3.12,7,15.44,5,4.22,7,8.11,3,12.26,7,6.42,5,7.17,6,6.9,2,7.03,3,14.39,4,6.55,5,3.9,2,8.71,4,18.67,6,42.0,6,32.05,5,18.47,2,4.75,2,1.98,7,13.77,5,10.59,4,27.94,6,8.63,4,16.13,6,37.56,7,19.69,6,7.35,5,5.08,7,5.22,6,9.54,7,8.28,6
2026-02-13,7.0,5,6.06,7,5.78,4,19.21,3,10.0,6,8.55,7,3.12,7,15.44,5,4.22,7,8.11,3,12.26,7,6.42,5,7.17,6,6.9,2,7.03,3,14.39,4,6.55,5,3.9,2,8.71,4,18.67,6,42.0,6,32.05,5,18.47,2,4.75,2,1.98,7,13.77,5,10.59,4,27.94,6,8.63,4,16.13,6,37.56,7,19.69,6,7.35,5,5.08,7,5.22,6,9.54,7,8.28,6
2026-02-14,7.0,5,6.06,7,5.78,4,19.21,3,10.0,6,8.55,7,3.12,7,15.44,5,4.22,7,8.11,3,12.26,7,6.42,5,7.17,6,6.9,2,7.03,3,14.39,4,6.55,5,3.9,2,8.71,4,18.67,6,42.0,6,32.05,5,18.47,2,4.75,2,1.98,7,13.77,5,10.59,4,27.94,6,8.63,4,16.13,6,37.56,7,19.69,6,7.35,5,5.08,7,5.22,6,9.54,7,8.28,6
2026-02-15,7.0,5,6.11,7,5.78,4,19.21,3,10.0,6,8.55,7,3.12,7,15.44,5,4.22,7,8.11,3,12.26,7,6.42,5,7.17,6,6.9,2,7.03,3,14.39,4,6.55,5,3.9,2,8.71,4,18.67,6,42.0,6,31.44,5,18.47,2,4.75,2,1.98,7,13.77,5,10.59,4,27.94,6,8.63,4,16.13,6,37.56,7,19.69,6,7.35,5,5.08,7,5.22,6,9.54,7,8.28,6
2026-02-16,7.0,5,6.11,7,5.78,4,19.21,3,10.0,6,8.55,7,3.12,7,15.44,5,4.22,7,8.11,3,12.26,7,6.42,5,7.17,6,6.9,2,7.03,3,14.39,4,6.55,5,3.9,2,8.71,4,18.67,6,42.0,6,31.44,5,18.47,2,4.75,2,1.98,7,13.77,5,10.59,4,27.94,6,8.63,4,16.13,6,37.56,7,19.69,6,7.35,5,5.08,7,5.22,6,9.54,7,8.28,6
2026-02-17,7.0,5,6.11,7,5.78,4,19.21,3,10.0,6,8.55,7,3.12,7,15.44,5,4.22,7,8.11,3,12.26,7,6.42,5,7.17,6,6.9,2,7.03,3,14.39,4,6.55,5,3.9,2,8.71,4,18.67,6,42.0,6,31.44,5,18.47,2,4.75,2,1.98,7,13.77,5,10.59,4,27.94,6,8.63,4,16.13,6,37.56,7,19.69,6,7.35,5,5.08,7,5.22,6,9.54,7,8.28,6
2026-02-18,7.0,5,6.18,7,5.78,4,19.21,3,10.0,6,8.55,7,3.12,7,15.44,5,4.22,7,8.11,3,12.26,7,6.42,5,7.17,6,6.9,2,7.03,3,14.39,4,6.55,5,3.9,2,8.71,4,18.67,6,42.0,6,31.44,5,18.47,2,4.75,2,1.98,7,13.77,5,10.59,4,27.94,6,8.63,4,16.13,6,37.56,7,19.69,6,7.35,5,5.08,7,5.22,6,9.54,7,8.28,6
2026-02-19,7.0,5,6.18,7,5.78,4,19.21,3,10.0,6,8.55,7,3.12,7,15.44,5,4.22,7,8.11,3,12.26,7,6.42,5,7.17,6,6.9,2,7.03,3,14.39,4,6.55,5,3.9,2,8.71,4,18.67,6,42.0,6,31.44,5,18.47,2,4.75,2,1.98,7,13.77,5,10.59,4,27.95,6,8.63,4,16.13,6,37.56,7,19.69,6,7.35,5,5.08,7,5.22,6,9.54,7,8.28,6
2026-02-20,7.0,5,6.18,7,5.78,4,19.21,3,10.0,6,8.55,7,3.12,7,15.44,5,4.22,7,8.11,3,12.26,7,6.42,5,7.17,6,6.9,2,7.03,3,14.39,4,6.55,5,3.9,2,8.71,4,18.67,6,42.0,6,31.44,5,18.47,2,4.75,2,1.98,7,13.77,5,10.59,4,27.95,6,8.63,4,16.13,6,37.56,7,19.69,6,7.35,5,5.08,7,5.22,6,9.54,7,8.28,6
2026-02-21,7.0,5,6.18,7,5.78,4,19.21,3,10.0,6,8.55,7,3.12,7,15.44,5,4.22,7,8.11,3,12.26,7,6.42,5,7.17,6,6.9,2,7.03,3,14.39,4,6.55,5,3.9,2,8.71,4,18.67,6,42.0,6,31.44,5,18.47,2,4.75,2,1.98,7,13.77,5,10.59,4,27.95,6,8.63,4,16.13,6,37.56,7,19.69,6,7.35,5,5.08,7,5.22,6,9.54,7,8.28,6
2026-02-22,7.0,5,6.18,7,5.78,4,19.6,3,10.0,6,8.55,7,3.12,7,15.44,5,4.22,7,8.11,3,12.26,7,6.42,5,7.17,6,6.9,2,7.03,3,14.39,4,6.55,5,3.9,2,8.71,4,18.67,6,42.0,6,31.44,5,18.47,2,4.75,2,1.98,7,13.77,5,10.59,4,27.95,6,8.63,4,16.13,6,37.56,7,19.69,6,7.35,5,5.08,7,5.22,6,9.54,7,8.28,6
2026-02-23,7.0,5,6.18,7,5.78,4,19.6,3,10.0,6,8.55,7,3.12,7,15.44,5,4.22,7,8.11,3,12.26,7,6.42,5,7.17,6,6.9,2,7.03,3,14.39,4,6.55,5,3.9,2,8.71,4,18.67,6,42.0,6,31.44,5,18.47,2,4.75,2,1.98,7,13.77,5,10.59,4,27.95,6,8.63,4,16.13,6,37.56,7,19.69,6,7.35,5,5.08,7,5.22,6,9.54,7,8.28,6
2026-02-24,7.0,5,6.18,7,5.78,4,19.6,3,10.0,6,8.55,7,3.12,7,15.44,5,4.22,7,8.11,3,12.26,7,6.42,5,7.17,6,6.9,2,7.03,3,14.39,4,6.55,5,3.9,2,8.71,4,18.67,6,42.0,6,31.44,5,18.47,2,4.75,2,1.98,7,13.77,5,10.59,4,27.95,6,8.63,4,16.13,6,37.56,7,19.69,6,7.35,5,5.08,7,5.22,6,9.54,7,8.28,6
2026-02-25,7.0,5,6.18,7,5.78,4,19.6,3,10.0,6,8.55,7,3.12,7,15.44,5,4.22,7,8.11,3,12.26,7,6.42,5,7.17,6,6.9,2,7.03,3,14.39,4,6.55,5,1.87,2,8.71,4,18.67,6,42.0,6,31.44,5,18.47,2,4.75,2,1.98,7,13.77,5,10.59,4,27.95,6,8.63,4,16.13,6,37.56,7,19.69,6,7.35,5,5.08,7,5.22,6,9.54,7,8.28,6
2026-02-26,7.0,5,6.18,7,5.78,4,19.6,3,10.0,6,8.55,7,3.12,7,15.44,5,4.22,7,8.11,3,12.26,7,6.42,5,7.17,6,6.9,2,7.03,3,14.39,4,6.55,5,1.87,2,8.71,4,18.67,6,42.0,6,31.44,5,18.47,2,4.75,2,1.98,7,13.77,5,10.59,4,27.95,6,8.63,4,16.13,6,37.56,7,19.69,6,7.35,5,5.08,7,5.22,6,9.54,7,8.28,6
2026-02-27,7.0,5,6.18,7,5.78,4,19.6,3,10.0,6,8.55,7,3.12,7,15.44,5,4.22,7,8.11,3,12.26,7,6.42,5,7.17,6,6.9,2,7.03,3,14.39,4,6.55,5,1.87,2,8.71,4,18.67,6,42.0,6,31.44,5,18.47,2,4.75,2,1.98,7,13.77,5,10.59,4,27.95,6,8.63,4,16.13,6,37.56,7,19.69,6,7.35,5,5.08,7,5.22,6,9.54,7,8.28,6
2026-02-28,7.0,5,6.18,7,5.78,4,19.6,3,10.0,6,8.55,7,3.12,7,15.44,5,4.22,7,8.11,3,12.26,7,6.42,5,7.17,6,6.9,2,7.03,3,14.39,4,6.55,5,1.87,2,8.71,4,18.67,6,42.0,6,31.44,5,18.47,2,4.75,2,1.98,7,13.77,5,10.59,4,27.95,6,8.63,4,16.13,6,37.56,7,19.69,6,7.35,5,5.08,7,5.22,6,9.54,7,8.28,6
2026-03-01,7.0,5,6.18,7,5.78,4,19.6,3,10.0,6,8.55,7,3.12,7,15.44,6,4.22,7,8.11,3,12.26,7,6.42,5,7.17,6,6.9,2,7.03,3,14.39,4,6.55,5,1.87,2,8.71,4,18.67,6,42.0,6,31.44,5,18.47,2,4.75,2,1.98,7,13.77,5,10.59,4,27.9,6,8.63,4,16.13,6,37.56,7,19.69,6,7.35,5,5.08,7,5.22,6,9.54,7,8.28,6
2026-03-02,7.0,5,6.18,7,5.78,4,20.16,3,10.0,6,8.55,7,3.12,7,15.44,6,4.22,7,8.11,3,12.26,7,6.42,5,7.17,6,6.9,2,7.03,3,14.39,4,6.55,5,1.87,2,8.71,4,18.67,6,42.0,6,31.44,5,18.47,2,4.75,2,1.98,7,13.77,5,10.59,4,27.9,6,8.63,4,16.13,6,37.56,7,19.69,6,7.35,5,5.08,7,5.22,6,9.54,7,8.28,6
2026-03-03,7.0,5,6.18,7,5.78,4,20.16,3,10.0,6,8.55,7,3.12,7,15.44,6,4.22,7,8.11,3,12.26,7,6.42,5,7.17,6,6.9,2,7.03,3,14.39,4,6.55,5,1.87,2,8.71,4,18.67,6,42.0,6,31.44,5,18.47,2,4.75,2,1.98,7,13.77,5,10.59,4,27.9,6,8.63,4,16.13,6,37.56,7,19.69,6,7.35,5,5.08,7,5.22,6,9.54,7,8.28,6
2026-03-04,7.0,5,6.18,7,5.78,4,20.16,3,10.0,6,8.55,7,3.12,7,15.44,6,4.22,7,8.11,3,12.26,7,6.42,5,7.17,6,6.9,2,8.89,3,14.39,4,6.55,5,1.87,2,8.71,4,18.67,6,42.0,6,31.44,5,18.47,2,4.24,2,1.98,7,13.77,5,10.59,4,27.9,6,8.63,4,16.13,6,37.56,7,19.69,6,7.35,5,5.08,7,5.22,6,9.54,7,8.28,6
2026-03-05,7.0,5,6.18,7,5.78,4,20.16,3,10.0,6,8.55,7,3.12,7,15.44,6,4.22,7,8.11,3,12.26,7,6.42,5,7.17,6,6.9,2,8.89,3,14.39,4,6.55,5,1.87,2,10.12,4,18.67,6,42.0,6,31.44,5,18.47,2,4.24,2,1.98,7,13.77,5,10.59,4,27.9,6,8.63,4,16.13,6,37.56,7,19.69,6,7.35,5,5.08,7,5.22,6,9.4,7,8.28,6
2026-03-06,7.0,5,6.18,7,5.78,4,20.16,3,10.0,6,8.55,7,3.12,7,15.44,6,4.22,7,8.11,3,12.26,7,6.42,5,7.17,6,6.9,2,8.89,3,14.39,4,6.55,5,1.87,2,10.12,4,18.67,6,42.0,6,31.44,5,18.47,2,4.24,2,1.98,7,13.77,5,10.59,4,27.9,6,8.63,4,16.13,6,37.56,7,19.69,6,7.35,5,5.08,7,5.22,6,9.4,7,8.28,6
2026-03-07,7.0,5,6.18,7,5.78,4,20.16,3,10.0,6,8.55,7,3.12,7,15.44,6,4.22,7,8.11,3,12.26,7,6.42,5,7.17,6,6.9,2,8.89,3,14.39,4,6.55,5,1.87,2,10.12,4,18.67,6,42.0,6,31.44,5,18.47,2,4.24,2,1.98,7,13.77,5,10.59,4,27.9,6,8.63,4,16.13,6,37.56,7,19.69,6,7.35,5,5.08,7,5.22,6,9.4,7,8.28,6
2026-03-08,7.0,5,6.18,7,5.78,4,20.16,3,10.0,6,8.55,7,3.12,7,15.44,6,4.22,7,8.11,3,12.26,7,6.42,5,7.17,6,6.9,2,8.89,3,14.39,4,6.55,5,1.87,2,10.12,4,18.67,6,42.0,6,31.44,5,18.47,2,4.24,2,1.98,7,13.77,5,10.59,4,27.9,6,8.63,4,16.13,6,37.56,7,19.69,6,7.35,5,5.08,7,5.22,6,9.4,7,8.28,6
2026-03-09,7.0,5,6.18,7,5.78,4,20.16,3,10.0,6,8.55,7,3.12,7,15.44,6,4.22,7,8.11,3,12.26,7,6.42,5,7.17,6,6.9,2,8.89,3,15.5,4,6.55,5,3.9,2,10.12,4,18.67,6,42.0,6,31.44,5,18.47,2,4.75,2,1.98,7,13.77,5,10.59,4,27.9,6,8.63,4,16.13,6,37.56,7,19.69,6,7.35,5,5.08,7,5.22,6,9.4,7,8.28,6
2026-03-10,7.0,5,6.18,7,5.78,4,20.16,3,10.0,6,8.56,7,3.12,7,15.44,6,4.29,7,8.11,3,12.26,7,6.42,5,7.17,6,6.9,2,8.89,3,15.5,4,6.55,5,3.9,2,10.12,4,18.67,6,42.0,6,31.44,5,19.55,3,4.75,2,1.98,7,13.77,5,10.59,4,27.9,6,8.56,5,16.13,6,37.84,7,20.02,6,7.41,5,5.08,7,5.22,6,9.68,7,8.28,6
2026-03-11,7.0,5,6.18,7,5.78,4,20.16,3,10.0,6,8.56,7,3.2,7,15.44,6,4.41,7,8.11,3,12.26,7,6.42,5,7.17,6,6.9,2,8.89,3,15.5,4,6.55,5,3.9,2,10.12,4,18.67,6,42.0,6,31.44,5,19.55,3,4.75,2,1.98,7,13.77,5,10.59,4,27.9,6,8.56,5,16.13,6,37.84,7,20.34,6,7.85,5,5.08,7,5.22,6,9.68,7,8.28,6
2026-03-12,7.0,5,6.18,7,5.78,4,20.16,3,10.0,6,8.56,7,3.2,7,15.44,6,4.41,7,8.11,3,12.26,7,6.42,5,7.17,6,6.9,2,8.89,3,15.5,4,6.55,5,3.36,2,10.12,4,18.67,6,42.0,6,31.44,5,19.55,3,4.75,2,1.98,7,13.77,5,10.59,4,27.9,6,8.56,5,16.13,6,37.84,7,20.34,6,7.85,5,5.08,7,5.22,6,9.68,7,8.28,6
2026-03-13,7.0,5,6.18,7,5.78,4,20.16,3,10.0,6,8.56,7,3.2,7,15.44,6,4.41,7,8.11,3,12.26,7,6.42,5,7.77,6,6.9,2,8.89,3,15.5,4,6.55,5,3.36,2,10.12,4,18.67,6,42.0,6,31.44,5,19.55,3,4.75,2,1.98,7,13.77,5,10.59,4,27.9,6,8.56,5,16.13,6,37.84,7,20.34,6,7.85,5,5.08,7,5.22,6,9.68,7,8.28,6
2026-03-14,7.0,5,6.18,7,5.78,4,20.16,3,10.0,6,8.56,7,3.2,7,15.44,6,4.41,7,8.11,3,12.26,7,6.42,5,7.77,6,6.9,2,8.89,3,15.5,4,6.55,5,3.36,2,10.12,4,18.67,6,42.0,6,31.44,5,19.55,3,4.75,2,1.98,7,13.77,5,10.59,4,27.9,6,8.56,5,16.13,6,37.84,7,20.34,6,7.85,5,5.08,7,5.22,6,9.68,7,8.28,6
2026-03-15,7.0,5,6.18,7,5.78,4,20.16,3,10.0,6,8.56,7,3.2,7,15.44,6,4.41,7,8.11,3,12.26,7,6.42,5,7.77,6,6.9,2,8.89,3,15.5,4,6.55,5,3.9,2,10.12,4,18.67,6,42.0,6,31.44,5,19.55,3,4.75,2,1.98,7,13.77,5,10.59,4,27.9,6,8.56,5,16.13,6,37.84,7,20.34,6,7.85,5,5.08,7,5.22,6,9.68,7,8.28,6
2026-03-16,7.0,5,6.18,7,5.78,4,20.16,3,10.1,6,8.56,7,3.2,7,15.44,6,4.41,7,8.11,3,12.26,7,6.42,5,7.77,6,6.38,2,8.89,3,15.5,4,6.55,5,3.9,2,9.49,4,18.67,6,42.0,6,31.44,5,19.55,3,4.75,2,1.98,7,13.77,5,10.59,4,27.9,6,8.56,5,16.13,6,37.84,7,20.34,6,7.85,5,5.08,7,5.22,6,9.68,7,8.28,6
2026-03-17,7.0,5,6.18,7,5.78,4,20.16,3,10.1,6,8.56,7,3.2,7,15.44,6,4.41,7,8.11,3,12.26,7,6.42,5,7.77,6,6.38,2,8.89,3,15.5,4,6.55,5,3.9,2,9.49,4,18.67,6,42.0,6,31.44,5,19.55,3,4.75,2,1.98,7,13.77,5,10.59,4,27.9,6,8.56,5,16.13,6,37.84,7,20.34,6,7.85,5,5.08,7,5.22,6,9.68,7,8.28,6
2026-03-18,7.0,5,6.18,7,5.78,4,20.16,3,10.1,6,8.56,7,3.2,7,15.44,6,4.41,7,8.11,3,12.26,7,6.42,5,7.77,6,6.38,2,8.89,3,15.5,4,6.55,5,3.36,2,9.49,4,18.67,6,42.0,6,31.44,5,19.55,3,4.75,2,1.98,7,13.77,5,10.59,4,27.9,6,8.56,5,16.13,6,37.84,7,20.34,6,7.85,5,5.08,7,5.22,6,9.68,7,8.28,6
2026-03-19,7.0,5,6.18,7,5.78,4,20.16,3,10.1,6,8.56,7,3.2,7,15.44,6,4.41,7,8.11,3,12.26,7,6.42,5,7.77,6,6.38,2,8.89,3,15.5,4,6.55,5,3.9,2,9.49,4,18.67,6,42.0,6,31.44,5,19.55,3,4.75,2,1.98,7,13.77,5,10.59,4,27.9,6,8.56,5,16.13,6,37.84,7,20.34,6,7.85,5,5.08,7,5.22,6,9.68,7,8.28,6
2026-03-20,7.0,5,6.18,7,5.78,4,20.16,3,10.1,6,8.56,7,3.2,7,15.44,6,4.41,7,8.11,3,12.26,7,6.42,5,7.77,6,6.38,2,8.89,3,15.5,4,6.55,5,3.9,2,9.49,4,18.67,6,42.0,6,31.44,5,19.55,3,4.75,2,1.98,7,13.77,5,10.59,4,27.9,6,8.56,5,16.13,6,37.84,7,20.34,6,7.85,5,5.08,7,5.22,6,9.68,7,8.28,6
2026-03-21,7.0,5,6.18,7,5.78,4,20.16,3,10.1,6,8.56,7,3.2,7,15.44,6,4.41,7,8.11,3,12.26,7,6.42,5,7.77,6,6.38,2,8.89,3,15.5,4,6.55,5,3.9,2,9.49,4,18.67,6,42.0,6,31.44,5,19.55,3,4.75,2,1.98,7,13.77,5,10.59,4,27.9,6,8.56,5,16.13,6,37.84,7,20.34,6,7.85,5,5.08,7,5.22,6,9.68,7,8.28,6
2026-03-22,7.0,5,6.18,7,5.78,4,20.16,3,10.1,6,8.56,7,3.2,7,15.44,6,4.41,7,8.11,3,12.26,7,6.42,5,7.77,6,6.38,2,8.89,3,15.5,4,6.55,5,3.9,2,9.49,4,18.67,6,42.0,6,31.44,5,19.55,3,4.75,2,1.98,7,13.77,5,10.59,4,27.9,6,8.56,5,16.13,6,37.84,7,20.34,6,7.85,5,5.08,7,5.22,6,9.68,7,8.28,6
2026-03-23,7.0,5,6.18,7,5.78,4,20.16,3,10.1,6,8.56,7,3.2,7,15.44,6,4.41,7,8.11,3,12.26,7,6.42,5,7.77,6,6.38,2,8.89,3,15.5,4,6.55,5,3.9,2,9.49,4,18.67,6,42.0,6,31.44,5,19.55,3,4.75,2,1.98,7,13.77,5,10.59,4,27.9,6,8.56,5,16.13,6,37.84,7,20.34,6,7.85,5,5.08,7,5.22,6,9.68,7,8.28,6
2026-03-24,7.0,5,6.18,7,5.78,4,20.16,3,10.1,6,8.56,7,3.2,7,15.44,6,4.41,7,8.11,3,12.26,7,6.42,5,7.77,6,6.38,2,8.89,3,15.5,4,6.55,5,3.9,2,9.49,4,18.67,6,42.0,6,31.44,5,19.55,3,4.75,2,1.98,7,13.77,5,10.59,4,27.9,6,8.56,5,16.13,6,37.84,7,20.34,6,7.85,5,5.08,7,5.22,6,9.68,7,8.28,6
2026-03-25,7.0,5,6.18,7,5.78,4,20.16,3,10.1,6,8.56,7,3.2,7,15.44,6,4.41,7,8.11,3,12.26,7,6.42,5,7.77,6,6.38,2,8.89,3,15.5,4,6.55,5,4.09,2,9.82,4,18.67,6,42.0,6,31.44,5,19.55,3,4.75,2,1.98,7,13.77,5,10.59,4,27.9,6,8.56,5,16.13,6,37.84,7,20.34,6,7.85,5,5.08,7,5.22,6,9.68,7,8.28,6
2026-03-26,7.0,5,6.18,7,5.78,4,20.16,3,10.1,6,8.56,7,3.2,7,15.44,6,4.41,7,8.11,3,12.26,7,6.42,5,7.77,6,7.38,3,8.89,3,15.5,4,6.55,5,3.9,2,9.82,4,18.67,6,42.0,6,31.44,5,19.55,3,4.75,2,1.98,7,13.77,5,10.59,4,27.9,6,8.56,5,16.13,6,37.84,7,20.34,6,7.85,5,5.08,7,5.22,6,9.68,7,8.28,6
2026-03-27,7.0,5,6.18,7,5.78,4,20.16,3,10.11,6,8.68,7,3.2,7,15.44,6,4.41,7,8.11,3,12.26,7,6.42,5,7.77,6,7.38,3,8.89,3,15.5,4,6.55,5,3.9,2,9.82,4,18.67,6,42.0,6,31.44,5,19.55,3,4.75,2,1.98,7,13.77,5,10.59,4,27.9,6,8.56,5,16.13,6,37.84,7,20.34,6,7.85,5,5.08,7,5.22,6,9.68,7,8.28,6
2026-03-28,7.0,5,6.18,7,5.78,4,20.16,3,10.11,6,8.68,7,3.2,7,15.44,6,4.41,7,8.11,3,12.26,7,6.42,5,7.77,6,7.77,3,8.89,3,15.5,4,6.55,5,3.9,2,9.82,4,18.67,6,42.0,6,31.44,5,19.55,3,4.75,2,1.98,7,13.77,5,10.59,4,27.9,6,8.56,5,16.13,6,37.84,7,20.34,6,7.85,5,5.08,7,5.22,6,9.68,7,8.28,6
2026-03-29,7.0,5,6.18,7,5.78,4,20.16,3,10.11,6,8.68,7,3.2,7,15.44,6,4.41,7,8.11,3,12.26,7,6.42,5,7.77,6,7.77,3,8.89,3,15.5,4,6.55,5,3.9,2,9.82,4,18.67,6,42.0,6,31.44,5,19.55,3,4.75,2,1.98,7,13.77,5,10.59,4,27.9,6,8.56,5,16.13,6,37.84,7,20.34,6,7.85,5,5.08,7,5.22,6,9.68,7,8.28,6
2026-03-30,7.0,5,6.18,7,5.78,4,20.16,3,10.11,6,8.68,7,3.2,7,15.44,6,4.41,7,8.11,3,12.26,7,6.42,5,7.77,6,7.77,3,8.89,3,15.5,4,6.55,5,3.9,2,9.82,4,18.67,6,42.0,6,31.44,5,19.55,3,4.75,2,1.98,7,13.77,5,10.59,4,27.9,6,8.56,5,16.13,6,37.84,7,20.34,6,7.85,5,5.08,7,5.22,6,9.68,7,8.28,6
2026-03-31,7.0,5,6.18,7,5.78,4,20.16,3,10.11,6,8.68,7,3.2,7,15.44,6,4.41,7,8.11,3,12.26,7,6.42,5,7.77,6,7.77,3,8.89,3,15.5,4,6.55,5,3.9,2,9.82,4,18.67,6,42.0,6,31.44,5,19.55,3,4.75,2,1.98,7,13.77,5,10.59,4,27.9,6,8.56,5,16.13,6,37.84,7,20.34,6,7.85,5,5.08,7,5.22,6,9.68,7,8.28,6
2026-04-01,7.0,5,6.18,7,5.78,4,20.16,3,10.11,6,8.68,7,3.2,7,15.44,6,4.41,7,8.11,3,12.26,7,6.42,5,7.77,6,7.77,3,8.89,3,16.41,4,6.55,5,3.9,2,9.82,4,18.67,6,42.0,6,31.44,5,19.55,3,4.75,2,1.98,7,13.77,5,10.59,4,27.9,6,8.56,5,16.13,6,37.84,7,20.34,6,7.85,5,5.08,7,5.22,6,9.68,7,8.28,6
2026-04-02,7.0,5,6.18,7,5.78,4,20.16,3,10.11,6,8.68,7,3.2,7,15.44,6,4.41,7,8.11,3,12.26,7,6.42,5,7.77,6,7.77,3,8.89,3,16.41,4,6.55,5,3.9,2,9.82,4,18.67,6,42.0,6,31.44,5,19.55,3,4.75,2,1.98,7,13.77,5,10.59,4,27.9,6,8.56,5,16.13,6,37.84,7,20.34,6,7.85,5,5.08,7,5.22,6,9.68,7,8.28,6
2026-04-03,7.0,5,6.18,7,5.78,4,20.16,3,10.11,6,8.68,7,3.2,7,15.44,6,4.41,7,8.11,3,12.26,7,6.42,5,7.77,6,7.77,3,8.89,3,16.41,4,6.55,5,3.9,2,9.82,4,18.67,6,42.0,6,31.44,5,19.55,3,4.75,2,1.98,7,13.77,5,10.59,4,27.9,6,8.56,5,16.13,6,37.84,7,20.34,6,7.85,5,5.08,7,5.22,6,9.68,7,8.28,6
2026-04-04,7.0,5,6.18,7,5.78,4,20.16,3,10.11,6,8.68,7,3.2,7,15.44,6,4.41,7,8.11,3,12.26,7,6.42,5,7.77,6,7.77,3,8.89,3,16.41,4,6.55,5,3.9,2,9.82,4,18.67,6,42.0,6,31.44,5,19.55,3,4.75,2,1.98,7,13.77,5,10.59,4,27.9,6,8.56,5,16.13,6,37.84,7,20.34,6,7.85,5,5.08,7,5.22,6,9.68,7,8.28,6
2026-04-05,7.0,5,6.18,7,5.78,4,20.16,3,10.11,6,8.68,7,3.2,7,15.44,6,4.41,7,8.11,3,12.26,7,6.42,5,7.77,6,7.77,3,8.89,4,15.5,4,6.55,5,3.9,2,9.82,4,18.67,6,42.0,6,31.44,5,19.55,3,4.75,2,1.98,7,13.77,5,10.59,4,27.9,6,8.56,5,16.13,6,37.84,7,20.34,6,7.85,5,5.08,7,5.22,6,9.68,7,8.28,6
2026-04-06,7.0,5,6.18,7,5.78,4,20.16,3,10.11,6,8.68,7,3.2,7,15.44,6,4.41,7,8.11,3,12.26,7,6.42,5,7.77,6,7.77,3,8.89,4,15.5,4,6.55,5,3.9,2,9.82,4,18.67,6,42.0,6,31.44,5,19.55,3,4.75,2,1.98,7,13.77,5,10.59,4,27.9,6,8.56,5,16.13,6,37.84,7,20.34,6,7.85,5,5.08,7,5.22,6,9.68,7,8.28,6
2026-04-07,7.0,5,6.18,7,5.78,4,20.16,3,10.11,6,8.68,7,3.2,7,15.44,6,4.41,7,8.11,3,12.26,7,6.14,6,7.25,7,7.77,3,8.89,4,15.5,4,6.55,5,3.9,2,9.82,4,18.67,6,42.0,6,31.44,5,19.55,3,4.75,2,1.98,7,13.77,5,10.59,4,27.9,6,8.56,5,16.13,6,37.84,7,20.34,6,7.85,5,5.08,7,5.22,6,9.68,7,8.28,6
2026-04-08,7.0,5,6.18,7,5.78,4,20.16,3,10.11,6,8.68,7,3.2,7,15.44,6,4.41,7,8.11,3,12.26,7,6.14,6,7.25,7,7.77,3,8.89,4,15.5,4,6.55,5,3.9,2,9.82,4,18.67,6,42.0,6,31.44,5,19.55,3,4.75,2,1.98,7,13.77,5,10.59,4,27.9,6,8.56,5,16.13,6,37.84,7,20.34,6,7.85,5,5.08,7,5.22,6,9.68,7,8.28,6
2026-04-09,7.0,5,6.18,7,5.78,4,20.16,3,10.11,6,8.68,7,3.2,7,15.44,6,4.41,7,8.11,3,12.26,7,6.14,6,7.25,7,7.77,3,8.89,4,15.5,4,6.55,5,3.68,2,9.88,4,18.67,6,42.0,6,31.44,5,19.55,3,4.75,2,1.98,7,13.77,5,10.59,4,27.9,6,8.56,5,16.52,6,37.84,7,20.34,6,7.85,5,5.08,7,5.22,6,9.68,7,8.28,6
2026-04-10,7.0,5,6.18,7,5.78,4,20.16,3,10.11,6,8.68,7,3.2,7,15.44,6,4.41,7,8.11,3,12.26,7,6.14,6,7.25,7,7.77,3,8.89,4,15.5,4,6.55,5,3.68,2,9.88,4,18.67,6,42.0,6,31.44,5,19.55,3,4.75,2,1.98,7,13.77,5,10.59,4,27.9,6,8.56,5,16.52,6,37.84,7,20.34,6,7.85,5,5.08,7,5.22,6,9.68,7,8.26,6
2026-04-11,7.0,5,6.18,7,5.78,4,20.16,3,10.11,6,8.68,7,3.2,7,15.44,6,4.5,7,8.11,3,12.26,7,6.14,6,7.25,7,7.77,3,8.89,4,15.5,4,6.55,5,3.68,2,9.88,4,18.67,6,42.0,6,31.44,5,19.55,3,4.75,2,1.98,7,13.77,5,10.59,4,27.9,6,8.56,5,16.52,6,37.84,7,20.34,6,7.85,5,5.08,7,5.22,6,9.68,7,8.26,6
2026-04-12,7.0,5,6.18,7,5.78,4,20.16,3,10.11,6,8.68,7,3.2,7,15.44,6,4.5,7,8.11,3,12.26,7,6.14,6,7.39,7,7.77,3,8.6,4,14.39,4,6.55,5,3.68,2,10.39,4,18.67,6,42.0,6,31.44,5,19.55,3,4.75,2,1.98,7,13.77,5,10.59,4,27.9,6,8.56,5,16.52,6,37.84,7,20.34,6,7.85,5,5.37,7,5.22,6,9.69,7,8.26,6
2026-04-13,7.0,5,6.18,7,5.78,4,20.16,3,10.11,6,8.68,7,3.13,7,15.44,6,4.38,7,8.11,3,12.26,7,6.14,6,7.39,7,6.94,3,8.89,4,16.41,4,6.55,5,3.71,2,10.39,4,18.67,6,42.0,6,31.44,5,19.55,3,4.75,2,1.98,7,13.77,5,10.59,4,27.95,6,8.56,5,16.52,6,37.78,7,20.34,6,7.85,5,5.37,7,5.22,6,9.35,7,8.26,6
2026-04-14,7.0,5,6.18,7,5.78,4,20.16,3,10.11,6,8.68,7,3.2,7,15.44,6,4.5,7,8.11,3,12.26,7,6.14,6,7.39,7,6.94,3,8.6,4,16.41,4,6.55,5,3.71,2,9.82,4,18.67,6,42.0,6,31.14,6,19.55,3,4.75,2,1.98,7,13.77,5,10.59,4,27.95,6,8.56,5,16.52,6,37.78,7,20.34,6,7.85,5,5.37,7,5.22,6,9.54,7,8.26,6
2026-04-15,7.0,5,6.18,7,5.78,4,20.16,3,10.11,6,8.68,7,3.2,7,15.44,6,4.5,7,8.11,3,12.26,7,6.14,6,7.39,7,8.77,3,8.6,4,16.41,4,6.55,5,3.71,2,9.82,4,18.67,6,42.0,6,31.18,6,19.55,3,4.75,2,1.98,7,13.77,5,10.59,4,27.95,6,8.58,5,16.52,6,37.78,7,20.34,6,7.85,5,5.37,7,5.22,6,9.54,7,8.26,6
2026-04-16,7.0,5,6.18,7,5.78,4,20.16,3,10.11,6,8.68,7,3.2,7,15.44,6,4.5,7,8.11,3,12.26,7,6.14,6,7.39,7,8.77,3,8.6,4,16.41,4,6.55,5,3.9,2,9.82,4,18.67,6,42.0,6,31.18,6,19.55,3,4.75,2,1.98,7,13.77,5,10.59,4,27.95,6,8.58,5,16.52,6,37.78,7,20.34,6,7.85,5,5.37,7,5.22,6,9.54,7,8.26,6
2026-04-17,7.0,5,6.18,7,5.78,4,20.16,3,10.11,6,8.68,7,3.2,7,15.44,6,4.5,7,8.11,3,12.26,7,6.14,6,7.78,7,8.77,3,8.6,4,16.41,4,6.55,5,3.9,2,9.82,4,18.67,6,42.0,6,31.18,6,19.55,3,4.75,2,1.98,7,13.77,5,10.59,4,27.95,6,8.58,5,16.52,6,37.78,7,20.34,6,7.85,5,5.37,7,5.22,6,9.54,7,8.26,6
2026-04-18,7.0,5,6.18,7,5.78,4,20.16,3,10.11,6,8.68,7,3.2,7,15.44,6,4.5,7,8.11,3,12.26,7,6.14,6,7.78,7,8.77,3,8.6,4,16.41,4,6.55,5,3.9,2,9.82,4,18.67,6,42.0,6,31.18,6,19.55,3,4.75,2,1.98,7,13.77,5,10.59,4,27.95,6,8.58,5,16.52,6,37.78,7,20.34,6,7.85,5,5.37,7,5.22,6,9.54,7,8.26,6
2026-04-19,7.0,5,6.18,7,5.78,4,20.16,3,10.11,6,8.68,7,3.2,7,15.44,6,4.5,7,7.99,3,11.87,7,6.14,6,7.78,7,8.77,3,8.6,4,16.41,4,6.55,5,4.09,2,10.39,4,18.67,6,42.0,6,31.18,6,19.55,3,4.75,2,1.98,7,13.77,5,10.59,4,27.95,6,8.58,5,16.55,6,37.78,7,20.34,6,7.85,5,5.37,7,5.22,6,9.54,7,8.26,6
2026-04-20,7.0,5,6.18,7,5.78,4,20.16,3,10.11,6,8.79,7,3.2,7,15.44,6,4.5,7,7.99,3,11.87,7,6.14,6,7.78,7,9.33,3,8.16,4,16.41,4,6.55,5,4.09,2,9.82,4,18.67,6,42.0,6,31.18,6,19.55,3,4.75,2,1.98,7,13.77,5,10.59,4,27.95,6,8.58,5,16.55,6,37.78,7,20.34,6,7.85,5,5.37,7,5.22,6,9.54,7,8.26,6
2026-04-21,7.0,5,6.18,7,5.78,4,20.16,3,10.11,6,8.79,7,3.2,7,15.44,6,4.5,7,7.99,3,11.87,7,6.14,6,7.78,7,9.33,3,8.16,4,16.41,4,6.55,5,4.09,2,9.82,4,18.67,6,42.0,6,31.18,6,19.55,3,4.75,2,1.98,7,13.77,5,10.59,4,27.95,6,8.58,5,16.55,6,37.78,7,20.34,6,7.85,5,5.37,7,5.22,6,9.54,7,8.26,6
2026-04-22,7.0,5,6.18,7,5.78,4,20.16,3,10.11,6,8.79,7,3.2,7,15.44,6,4.5,7,7.99,3,11.87,7,6.14,6,7.78,7,9.33,3,8.16,4,16.41,4,6.55,5,4.09,2,9.82,4,18.67,6,42.0,6,31.18,6,19.55,3,4.75,2,1.98,7,13.77,5,10.59,4,27.95,6,8.58,5,16.55,6,37.78,7,20.34,6,7.85,5,5.37,7,5.22,6,9.54,7,8.26,6
2026-04-23,7.0,5,6.18,7,5.78,4,20.16,3,10.11,6,8.79,7,3.2,7,15.44,6,4.5,7,7.99,3,11.87,7,6.14,6,7.78,7,9.33,3,8.16,4,16.41,4,6.55,5,4.09,2,9.82,4,18.67,6,42.0,6,31.18,6,19.55,3,4.75,2,1.98,7,13.77,5,10.59,4,27.95,6,8.58,5,16.55,6,37.78,7,20.34,6,7.85,5,5.37,7,5.22,6,9.54,7,8.26,6
2026-04-24,7.0,5,6.18,7,5.78,4,20.16,3,10.11,6,8.79,7,3.2,7,15.44,6,4.5,7,7.99,3,11.87,7,6.14,6,7.78,7,9.33,3,8.16,4,16.41,4,6.55,5,4.09,2,9.82,4,18.67,6,42.0,6,31.18,6,19.55,3,4.75,2,1.98,7,13.77,5,10.59,4,27.95,6,8.58,5,16.55,6,37.78,7,20.34,6,7.85,5,5.37,7,5.22,6,9.54,7,8.26,6
2026-04-25,7.0,5,6.18,7,5.78,4,20.16,3,10.11,6,8.79,7,3.2,7,15.44,6,4.5,7,7.99,3,11.87,7,6.14,6,7.78,7,9.33,3,8.16,4,16.41,4,6.55,5,4.09,2,9.82,4,18.67,6,42.0,6,31.18,6,19.55,3,4.75,2,1.98,7,13.77,5,10.59,4,27.95,6,8.58,5,16.55,6,37.78,7,20.34,6,7.85,5,5.37,7,5.22,6,9.54,7,8.26,6
2026-04-26,7.0,5,6.18,7,5.78,4,20.16,3,10.11,6,8.79,7,3.2,7,15.44,6,4.5,7,7.99,3,11.87,7,6.14,6,7.34,7,8.27,3,8.16,4,17.01,4,6.55,5,3.64,3,9.82,4,18.67,6,42.0,6,31.18,6,19.55,3,4.75,2,1.98,7,13.77,5,10.59,4,27.95,6,8.58,5,16.55,6,37.78,7,20.34,6,7.85,5,5.37,7,5.22,6,9.54,7,8.26,6
2026-04-27,7.0,5,6.18,7,5.78,4,20.16,3,10.11,6,8.79,7,3.2,7,15.44,6,4.5,7,7.99,3,11.87,7,6.14,6,7.34,7,7.37,4,7.95,4,15.5,4,6.55,5,3.64,3,9.82,4,18.67,6,42.0,6,31.18,6,19.55,3,4.75,2,1.98,7,13.77,5,10.59,4,27.95,6,8.58,5,16.71,6,37.78,7,20.34,6,7.85,5,5.37,7,5.22,6,9.54,7,8.26,6
2026-04-28,7.0,5,6.18,7,5.78,4,20.16,3,10.11,6,8.79,7,3.2,7,15.44,6,4.5,7,7.99,3,11.87,7,6.14,6,7.34,7,7.37,4,7.95,4,15.5,4,6.55,5,3.64,3,9.82,4,19.31,6,42.0,6,31.18,6,19.55,3,4.75,2,1.98,7,13.77,5,10.59,4,27.95,6,8.58,5,16.71,6,37.78,7,20.34,6,7.85,5,5.37,7,5.22,6,9.54,7,8.26,6
2026-04-29,7.0,5,6.18,7,5.78,4,20.16,3,10.11,6,8.79,7,3.2,7,15.44,6,4.5,7,7.99,3,11.87,7,6.14,6,7.34,7,7.41,5,7.95,4,15.5,4,6.55,5,3.64,3,10.09,4,19.31,6,42.0,6,31.18,6,22.23,3,4.75,2,1.98,7,13.77,5,10.59,4,27.95,6,8.58,5,16.71,6,37.78,7,20.34,6,7.85,5,5.37,7,5.22,6,9.54,7,8.26,6
2026-04-30,7.26,5,6.18,7,5.82,4,20.16,3,10.11,6,8.79,7,3.2,7,15.44,6,4.5,7,7.99,3,11.87,7,6.5,6,7.34,7,7.79,5,7.95,4,15.5,4,6.55,5,3.53,3,10.09,4,19.31,6,42.0,6,32.43,6,22.23,3,4.75,2,1.98,7,13.77,5,10.59,4,27.95,6,8.58,5,16.71,6,37.78,7,20.34,6,7.85,5,5.37,7,5.22,6,9.54,7,8.26,6
2026-05-01,7.26,5,6.18,7,5.83,5,20.16,3,10.11,6,8.79,7,3.2,7,15.44,6,4.5,7,7.99,3,12.01,7,6.5,6,7.34,7,7.79,5,7.95,4,15.5,4,6.55,5,3.53,3,10.09,4,19.31,6,42.0,6,32.43,6,22.23,3,4.75,2,1.98,7,13.77,5,10.59,4,27.95,6,8.58,5,16.71,6,37.21,7,20.34,6,7.85,5,5.37,7,5.22,6,9.54,7,8.26,6
2026-05-02,7.27,5,6.18,7,5.83,5,20.16,3,10.11,6,8.79,7,3.2,7,15.44,6,4.5,7,7.99,3,12.01,7,6.5,6,7.34,7,6.93,5,7.95,4,14.39,4,6.55,5,3.53,3,10.09,4,19.31,6,42.0,6,32.43,6,22.23,3,4.75,2,1.98,7,13.77,5,10.59,4,27.95,6,8.58,5,16.71,6,37.21,7,20.34,6,7.85,5,5.37,7,5.22,6,9.54,7,8.26,6
2026-05-03,7.3,7,6.18,7,5.84,7,20.16,3,10.04,7,8.79,7,3.2,7,15.44,6,4.5,7,7.99,3,12.01,7,6.5,6,7.34,7,6.98,5,8.27,4,15.5,4,6.55,5,3.53,3,10.09,4,19.31,6,42.0,6,32.43,6,22.23,3,4.75,2,1.98,7,13.77,5,10.59,4,27.95,6,8.58,5,16.71,6,37.21,7,20.34,6,7.85,5,5.17,7,5.22,6,9.54,7,8.26,6
2026-05-04,7.3,7,6.18,7,5.84,7,20.16,3,10.04,7,8.79,7,3.2,7,15.44,6,4.5,7,7.99,3,12.15,7,6.5,6,7.73,7,6.99,5,7.46,4,16.41,4,6.55,5,3.53,3,10.09,4,19.31,6,42.0,6,32.43,6,22.23,3,4.75,2,1.98,7,13.77,5,10.59,4,27.95,6,8.58,5,16.71,6,37.21,7,20.34,6,7.85,5,5.17,7,5.22,6,9.54,7,8.26,6
2026-05-05,7.3,7,6.14,7,5.84,7,20.16,3,10.04,7,8.79,7,3.2,7,15.44,6,4.5,7,7.99,3,12.15,7,6.5,6,7.73,7,6.88,5,6.72,4,15.86,4,6.55,5,3.53,3,10.09,4,19.31,6,42.0,6,32.43,6,22.23,3,4.75,2,1.98,7,13.77,5,10.59,4,27.95,6,8.58,5,16.71,6,37.21,7,20.34,6,7.85,5,5.17,7,5.22,6,9.54,7,8.26,6
2026-05-06,7.3,7,6.14,7,5.84,7,20.16,3,10.04,7,8.79,7,3.2,7,15.44,6,4.5,7,7.99,3,12.15,7,6.5,6,7.73,7,6.99,5,5.9,5,15.95,4,6.55,5,3.53,3,10.09,4,19.31,6,42.0,6,32.43,6,22.23,3,4.89,3,1.98,7,13.77,5,10.59,4,27.95,6,8.58,5,16.71,6,37.21,7,20.34,6,7.85,5,5.17,7,5.22,6,9.54,7,8.26,6
2026-05-07,7.3,7,6.14,7,5.84,7,20.16,3,10.04,7,8.79,7,3.2,7,15.44,6,4.5,7,7.99,3,12.15,7,6.5,6,7.73,7,7.21,5,5.9,5,16.41,4,6.55,5,3.53,3,9.13,4,19.31,6,42.0,6,30.32,6,22.23,3,5.02,3,1.98,7,13.77,5,10.59,4,27.95,6,8.58,5,16.71,6,37.21,7,20.34,6,7.85,5,4.96,7,5.22,6,9.54,7,8.26,6
2026-05-08,7.3,7,6.14,7,5.84,7,20.16,3,10.04,7,8.79,7,3.2,7,15.44,6,4.5,7,7.99,3,12.15,7,6.5,6,7.73,7,7.21,5,5.9,5,16.41,4,6.55,5,3.53,3,9.13,4,19.31,6,42.0,6,30.32,6,22.23,3,5.02,3,1.98,7,13.77,5,10.59,4,27.95,6,8.58,5,16.71,6,37.21,7,20.34,6,7.85,5,4.96,7,5.22,6,9.54,7,8.65,6
2026-05-09,7.3,7,6.14,7,5.84,7,20.16,3,10.04,7,8.79,7,3.2,7,15.44,6,4.5,7,7.99,3,12.15,7,6.5,6,7.73,7,7.35,5,5.9,5,16.41,4,6.55,5,3.53,3,10.39,4,19.31,6,42.0,6,30.32,6,22.23,3,5.02,3,1.98,7,13.77,5,10.59,4,27.95,6,8.58,5,16.71,6,37.21,7,20.34,6,7.85,5,4.96,7,5.22,6,9.54,7,8.65,6
2026-05-10,7.3,7,6.14,7,5.84,7,20.16,3,10.04,7,8.79,7,3.2,7,15.44,6,4.5,7,7.99,3,12.15,7,5.91,6,7.73,7,6.68,5,6.05,5,16.41,4,6.55,5,3.53,3,10.28,4,19.31,6,42.0,6,30.32,6,22.23,3,5.02,3,1.98,7,13.77,5,10.59,4,27.95,6,8.58,5,16.71,6,37.21,7,20.34,6,7.85,5,4.96,7,5.22,6,9.54,7,8.65,6
2026-05-11,7.3,7,6.14,7,5.84,7,20.16,3,10.04,7,8.79,7,3.2,7,15.44,6,4.5,7,7.99,3,12.01,7,5.91,6,7.73,7,7.18,6,5.8,6,16.41,4,6.55,5,3.53,3,10.12,4,17.63,6,42.0,6,30.32,6,22.23,3,5.02,3,1.98,7,13.77,5,10.59,4,27.95,6,8.58,5,16.71,6,37.21,7,20.34,6,7.85,5,4.96,7,5.22,6,9.54,7,8.65,6
2026-05-12,7.3,7,6.14,7,5.84,7,20.16,3,10.04,7,8.79,7,3.2,7,15.44,6,4.5,7,7.99,3,12.01,7,5.91,6,7.73,7,6.94,6,5.75,6,16.41,4,6.55,5,3.2,3,9.82,4,17.63,6,42.0,6,30.32,6,22.23,3,5.02,3,1.98,7,13.77,5,10.59,4,27.95,6,8.58,5,16.71,6,37.21,7,20.34,6,7.85,5,4.96,7,5.22,6,9.54,7,8.65,6
2026-05-13,7.3,7,6.14,7,5.84,7,20.16,3,10.04,7,8.79,7,3.2,7,15.44,6,4.5,7,7.99,3,12.01,7,5.91,6,7.73,7,7.13,6,5.74,6,16.41,4,6.55,5,2.9,3,10.39,4,17.63,6,42.0,6,30.32,6,22.23,3,5.02,3,1.98,7,13.77,5,10.59,4,27.95,6,8.58,5,16.71,6,37.21,7,20.34,6,7.85,5,4.96,7,5.06,6,9.54,7,8.65,6
2026-05-14,7.3,7,6.14,7,5.84,7,20.16,3,10.04,7,8.79,7,3.2,7,15.44,6,4.5,7,7.99,3,12.01,7,5.91,6,7.73,7,7.48,6,5.77,6,16.41,4,6.55,5,2.9,3,9.42,4,17.63,6,42.0,6,30.32,6,22.23,3,5.02,3,1.98,7,13.77,5,10.59,4,27.95,6,8.58,5,16.71,6,37.21,7,20.34,6,7.85,5,4.96,7,5.06,6,9.54,7,8.65,6
2026-05-15,7.3,7,6.14,7,5.84,7,20.16,3,10.04,7,8.79,7,3.2,7,15.44,6,4.5,7,7.99,3,12.01,7,5.91,6,7.73,7,7.48,6,5.77,6,16.41,4,6.55,5,2.9,3,9.42,4,17.63,6,42.0,6,30.32,6,22.23,3,5.02,3,1.98,7,13.77,5,10.59,4,27.95,6,8.58,5,16.71,6,37.21,7,20.34,6,7.85,5,4.96,7,5.06,6,9.54,7,8.65,6
